GID,COD_LINEA,DESC_LINEA,ORDINAL_SU,COD_SUBLIN,DESC_SUBLI,COD_VARIAN,DESC_VARIA
16009404,0,LINEA CERO,1,0,SUBLINEA CERO,0,
16009406,1,402,1,1,CIUDAD VIEJA - MALVIN,8,A
16009407,2,404,1,2,CJO.J.AM├ëRICA - PCIO.DE LA LUZ,14,B
16009408,2,404,1,2,CJO.J.AM├ëRICA - PCIO.DE LA LUZ,20,A
16009409,3,405,1,3,PE├æAROL - PARQUE ROD├ô,24,B
16009410,3,405,2,246,GRUTA DE LOURDES - PARQUE RODO,28,B
16009411,3,405,1,3,PE├æAROL - PARQUE ROD├ô,37,A
16009412,3,405,2,246,GRUTA DE LOURDES - PARQUE RODO,48,A
16009413,4,407,1,4,SHOPPING PORTONES - PLAZA ESPA├æA,49,B
16009414,4,407,1,4,SHOPPING PORTONES - PLAZA ESPA├æA,52,A
16009415,5,409,1,5,PLAZA ESPA├æA - AVIACION CIVIL,55,B
16009419,8,456,1,9,ADUANA - INSTRUCCIONES (NOC.),98,B
16009420,8,456,1,9,ADUANA - INSTRUCCIONES (NOC.),101,A
16009427,12,D9,1,13,CIUDAD VIEJA - BARRIO MONTERREY,147,B
16009428,12,D9,1,13,CIUDAD VIEJA - BARRIO MONTERREY,153,A
16009429,14,L14,1,15,PASO DE LA ARENA - PASO MOLINO,168,B
16009430,14,L14,1,15,PASO DE LA ARENA - PASO MOLINO,170,A
16009431,15,505,1,16,ADUANA - ANDALUZ (NOC.),171,B
16009432,15,505,1,16,ADUANA - ANDALUZ (NOC.),174,A
16009435,17,524,1,19,CIUDAD VIEJA - TRES OMB├ÜES,185,B
16009436,17,524,1,19,CIUDAD VIEJA - TRES OMB├ÜES,186,A
16009439,19,538,1,21,ADUANA - BUCEO (NOC.),193,B
16009440,19,538,1,21,ADUANA - BUCEO (NOC.),205,A
16009441,20,546,1,22,BELVEDERE - PORTONES,217,B
16009442,20,546,1,22,BELVEDERE - PORTONES,218,A
16009443,21,582,1,23,PE├æAROL - PTA. CARRETA,219,B
16009444,21,582,1,23,PE├æAROL - PTA. CARRETA,220,A
16009445,22,D11,1,24,CIUDAD VIEJA - PARQUE ROOSEVELT,223,B
16009446,22,D11,1,24,CIUDAD VIEJA - PARQUE ROOSEVELT,224,A
16009447,23,100,2,26,PZA.ESPA├æA - A.SARAVIA,227,B
16009448,23,100,2,26,PZA.ESPA├æA - A.SARAVIA,231,A
16009449,23,100,3,27,PZA.ESPA├æA - V.FARRE,237,B
16009450,23,100,3,27,PZA.ESPA├æA - V.FARRE,242,A
16009451,26,102,1,31,PLAZA INDEPENDENCIA-GRUTA DE LOUR DES,254,B
16009452,26,102,1,31,PLAZA INDEPENDENCIA-GRUTA DE LOUR DES,266,A
16009453,26,102,2,32,ADUANA  - GRUTA DE LOURDES (NOC.),278,B
16009454,26,102,2,32,ADUANA  - GRUTA DE LOURDES (NOC.),280,A
16009455,27,103,5,38,PZA. ESPA├æA - CARLOMAGNO,338,B
16009456,27,103,5,38,PZA. ESPA├æA - CARLOMAGNO,339,A
16009457,27,103,6,39,PZA. ESPA├æA- LOS AROMOS,340,B
16009458,27,103,6,39,PZA. ESPA├æA- LOS AROMOS,343,A
16009459,28,104,1,42,ADUANA - PQUE. ROOSEVELT(NOC.),352,B
16009460,28,104,1,42,ADUANA - PQUE. ROOSEVELT(NOC.),356,A
16009461,28,104,3,44,PZA. INDEPENDENCIA - PQUE. ROOSEVELT,366,B
16009462,28,104,3,44,PZA. INDEPENDENCIA - PQUE. ROOSEVELT,370,A
16009463,29,105,1,45,PLAZA INDEPENDENCIA - PQUE. ROOSEVELT,372,B
16009464,29,105,1,45,PLAZA INDEPENDENCIA - PQUE. ROOSEVELT,395,A
16009465,29,105,2,46,ADUANA - PQUE.ROOSEVELT,413,B
16009466,29,105,2,46,ADUANA - PQUE.ROOSEVELT,417,A
16009467,30,106,2,49,ADUANA - T. RINALDI Y RAFAEL (NOC.),434,B
16009468,30,106,2,49,ADUANA - T. RINALDI Y RAFAEL (NOC.),442,A
16009469,30,106,4,51,PZA.ESPA├æA - T. RINALDI Y RAFAEL,452,B
16009470,30,106,4,51,PZA.ESPA├æA - T. RINALDI Y RAFAEL,455,A
16009471,31,109,1,53,PZA INDEPENDENCIA - PARQUE ROOSVELT,461,B
16009472,31,109,1,53,PZA INDEPENDENCIA - PARQUE ROOSVELT,469,A
16009473,32,110,3,57,PZA.ESPA├æA - P. MACADAM,498,B
16009474,32,110,3,57,PZA.ESPA├æA - P. MACADAM,522,A
16009475,33,111,1,59,ADUANA - MALVIN (NOC.),554,B
16009476,33,111,1,59,ADUANA - MALVIN (NOC.),562,A
16009477,33,111,2,60,PLAZA INDEPENDENCIA - MALVIN,569,B
16009478,33,111,2,60,PLAZA INDEPENDENCIA - MALVIN,571,A
16009479,34,112,2,62,ADUANA - PUNTA GORDA (NOC.),575,B
16009480,34,112,2,62,ADUANA - PUNTA GORDA (NOC.),585,A
16009481,34,112,3,63,PLAZA ESPA├æA - PUNTA GORDA,591,B
16009482,34,112,3,63,PLAZA ESPA├æA - PUNTA GORDA,593,A
16009483,35,113,1,64,PLAZA ESPA├æA- MALVIN,595,B
16009484,35,113,1,64,PLAZA ESPA├æA- MALVIN,602,A
16009485,37,115,1,66,ADUANA - VISTA LINDA (NOC.),616,B
16009486,37,115,3,245,CIUDADELA - VISTA LINDA,617,B
16009489,38,116,1,69,CIUDAD VIEJA - POCITOS,628,A
16009490,38,116,1,69,CIUDAD VIEJA - POCITOS,630,B
16009491,39,117,1,72,PLAZA INDEPENDENCIA - PUNTA CARRETAS,634,A
16009492,39,117,1,72,PLAZA INDEPENDENCIA - PUNTA CARRETAS,635,B
16009493,40,121,2,77,C.VIEJA - POCITOS/PTA.CARR.,640,A
16009494,40,121,2,77,C.VIEJA - POCITOS/PTA.CARR.,644,B
16009495,41,124,1,79,CIUDAD VIEJA - STA.CATALINA,647,B
16009496,41,124,1,79,CIUDAD VIEJA - STA.CATALINA,650,A
16009497,43,125,1,83,CIUDAD VIEJA -   DIQUE NACIONAL,666,B
16009498,43,125,1,83,CIUDAD VIEJA -   DIQUE NACIONAL,673,A
16009499,43,125,2,84,CIUDADELA - PLAYA DEL CERRO_1,683,A
16009500,44,126,1,85,CIUDAD VIEJA - TERMINAL CERRO,685,B
16009501,44,126,1,85,CIUDAD VIEJA - TERMINAL CERRO,688,A
16009502,45,127,1,87,ADUANA - DELTA DEL TIGRE (NOC.),695,B
16009503,45,127,1,87,ADUANA - DELTA DEL TIGRE (NOC.),698,A
16009504,45,127,2,88,ADUANA - DELTA DEL TIGRE (POR PENAL),701,B
16009505,45,127,2,88,ADUANA - DELTA DEL TIGRE (POR PENAL),702,A
16009506,45,127,3,89,CIUDADELA - DELTA DEL TIGRE,705,B
16009507,45,127,3,89,CIUDADELA - DELTA DEL TIGRE,708,A
16009508,45,127,4,90,CIUDADELA - DELTA DEL TIGRE (POR PENAL),709,B
16009509,45,127,4,90,CIUDADELA - DELTA DEL TIGRE (POR PENAL),710,A
16009520,50,133,5,101,CIUDAD VIEJA - SANGUINETTI,770,B
16009521,50,133,5,101,CIUDAD VIEJA - SANGUINETTI,771,A
16009524,55,137,1,107,ADUANA - PASO DE LA ARENA (NOC.),796,B
16009525,55,137,1,107,ADUANA - PASO DE LA ARENA (NOC.),811,A
16009526,55,137,2,108,PLAZA ESPA├æA - PASO DE LA ARENA,815,B
16009527,55,137,2,108,PLAZA ESPA├æA - PASO DE LA ARENA,819,A
16009528,56,140,1,109,PLAZA INDEPENDENCIA - PORTONES,824,A
16009529,56,140,2,110,PZA. ESP. - H.CARRASCO *NOCTURNO*,829,B
16009530,56,140,2,110,PZA. ESP. - H.CARRASCO *NOCTURNO*,830,A
16009531,57,141,1,112,PLAZA INDEPENDENCIA -  AV. 8 DE OCTUBRE,833,B
16009532,57,141,1,112,PLAZA INDEPENDENCIA -  AV. 8 DE OCTUBRE,837,A
16009533,57,141,2,113,ADUANA - 8 DE OCTUBRE (NOC.),840,B
16009534,57,141,2,113,ADUANA - 8 DE OCTUBRE (NOC.),841,A
16009535,59,142,2,116,ADUANA - RBLA COSTANERA (NOC.),852,B
16009536,59,142,2,116,ADUANA - RBLA COSTANERA (NOC.),856,A
16009537,59,142,4,118,PZA.ESPA├æA - RBLA COSTANERA,863,B
16009538,59,142,4,118,PZA.ESPA├æA - RBLA COSTANERA,864,A
16009539,59,142,5,119,ADUANA - PTA.GORDA (NOC),865,B
16009540,59,142,5,119,ADUANA - PTA.GORDA (NOC),869,A
16009541,59,142,6,120,PZA.ESPA├æA - PUNTA GORDA,873,B
16009542,59,142,6,120,PZA.ESPA├æA - PUNTA GORDA,874,A
16009543,61,143,2,122,CIUDADELA - 8 DE OCTUBRE,881,B
16009544,61,143,2,122,CIUDADELA - 8 DE OCTUBRE,882,A
16009545,62,144,1,123,PLAZA INDEPENDENCIA - CTRIO. DEL NORTE,883,B
16009546,62,144,1,123,PLAZA INDEPENDENCIA - CTRIO. DEL NORTE,888,A
16009561,67,149,1,132,POCITOS - MANGA,968,B
16009562,67,149,2,266,POCITOS - GRUTA DE LOURDES,981,B
16009563,67,149,1,132,POCITOS - MANGA,982,A
16009564,68,150,1,133,CIUDADELA - PILARICA,1000,B
16009565,68,150,1,133,CIUDADELA - PILARICA,1007,A
16009568,70,155,1,136,CIUDADELA - PUNTA RIELES,1031,B
16009569,70,155,1,136,CIUDADELA - PUNTA RIELES,1037,A
16009570,71,156,1,137,ADUANA - HIPODROMO (NOC.),1046,B
16009571,71,156,1,137,ADUANA - HIPODROMO (NOC.),1049,A
16009572,71,156,2,138,CIUDADELA - HIPODROMO,1054,B
16009573,71,156,2,138,CIUDADELA - HIPODROMO,1057,A
16009574,72,157,1,139,PARQUE RODO - P.DE LA ARENA,1059,B
16009575,72,157,1,139,PARQUE RODO - P.DE LA ARENA,1069,A
16009576,73,158,2,141,CIUDAD VIEJA - GRUTA DE LOURDES,1092,B
16009577,73,158,2,141,CIUDAD VIEJA - GRUTA DE LOURDES,1096,A
16009578,73,158,3,142,CIUDAD VIEJA - MENDOZA,1099,B
16009579,73,158,3,142,CIUDAD VIEJA - MENDOZA,1101,A
16009580,75,161,1,144,CIUDAD VIEJA - LUIS A. DE HERRERA,1107,B
16009581,75,161,1,144,CIUDAD VIEJA - LUIS A. DE HERRERA,1109,A
16009582,76,163,2,147,POCITOS - PASO DE LA ARENA,1117,B
16009583,76,163,2,147,POCITOS - PASO DE LA ARENA,1122,A
16009584,77,164,2,149,CIUDADELA - G.FLORES,1135,B
16009585,77,164,2,149,CIUDADELA - G.FLORES,1138,A
16009586,78,169,2,151,CIUDADELA - TOLEDO CHICO,1162,B
16009587,78,169,2,151,CIUDADELA - TOLEDO CHICO,1167,A
16009588,81,173,1,156,CIUDADELA - PORTONES,1193,B
16009589,81,173,1,156,CIUDADELA - PORTONES,1199,A
16009596,83,175,1,162,CIUDADELA - LAS PIEDRAS,1248,B
16009597,83,175,1,162,CIUDADELA - LAS PIEDRAS,1259,A
16009598,85,181,1,165,POCITOS - ESC. MARITIMA,1274,B
16009599,85,181,1,165,POCITOS - ESC. MARITIMA,1282,A
16009600,86,182,2,167,P.RODO - PASO MOLINO,1297,B
16009601,86,182,2,167,P.RODO - PASO MOLINO,1299,A
16009602,87,183,1,168,POCITOS - ESC. MARITIMA,1301,B
16009603,87,183,1,168,POCITOS - ESC. MARITIMA,1311,A
16009604,88,185,2,170,POCITOS - FRIG.NACIONAL,1330,B
16009605,88,185,2,170,POCITOS - FRIG.NACIONAL,1332,A
16009606,88,185,3,171,POCITOS - NVO.CASABO,1337,B
16009607,88,185,3,171,POCITOS - NVO.CASABO,1347,A
16009608,89,186,1,172,POCITOS - STA. CATALINA,1354,B
16009609,89,186,1,172,POCITOS - STA. CATALINA,1358,A
16009610,90,187,2,174,CIUDAD VIEJA - PCIO.DE LA LUZ,1370,B
16009611,90,187,2,174,CIUDAD VIEJA - PCIO.DE LA LUZ,1375,A
16009612,91,188,1,175,CIUDAD VIEJA - PCIO.DE LA LUZ,1382,B
16009613,91,188,1,175,CIUDAD VIEJA - PCIO.DE LA LUZ,1384,A
16009614,92,191,1,177,CIUDADELA - PTA.CARRETAS,1391,B
16009615,92,191,1,177,CIUDADELA - PTA.CARRETAS,1402,A
16009616,93,192,1,178,PARQUE RODO - MANGA,1407,B
16009617,93,192,1,178,PARQUE RODO - MANGA,1418,A
16009618,94,195,1,179,BUCEO - PLAYA CERRO (DIQUE),1428,B
16009619,94,195,1,179,BUCEO - PLAYA CERRO (DIQUE),1434,A
16009620,95,199,1,181,PTA.CARRETAS - CRIO.DEL NORTE,1448,B
16009621,95,199,1,181,PTA.CARRETAS - CRIO.DEL NORTE,1453,A
16009622,96,4,1,182,PLAZA INDEPENDENCIA - PUNTA  DE RIELES,1459,B
16009623,96,4,1,182,PLAZA INDEPENDENCIA - PUNTA  DE RIELES,1464,A
16009624,98,60,1,185,PLAZA INDEPENDENCIA - PORTONES,1476,B
16009625,98,60,1,185,PLAZA INDEPENDENCIA - PORTONES,1483,A
16009626,100,64,1,189,PLAZA INDEPENDENCIA - PORTONES,1510,A
16009627,100,64,3,191,PLAZA INDEPENDENCIA - PUENTE CARRASCO,1518,B
16009628,100,64,3,191,PLAZA INDEPENDENCIA - PUENTE CARRASCO,1522,A
16009629,102,D1,1,193,CIUDAD VIEJA - CARRASCO,1529,B
16009630,102,D1,1,193,CIUDAD VIEJA - CARRASCO,1530,A
16009631,104,D3,1,196,CIUDAD VIEJA - BARRA STA.LUCIA,1535,B
16009632,104,D3,1,196,CIUDAD VIEJA - BARRA STA.LUCIA,1536,A
16009635,106,D8,1,199,CIUDAD VIEJA - CAMINO MALDONADO,1541,B
16009636,106,D8,1,199,CIUDAD VIEJA - CAMINO MALDONADO,1545,A
16009637,107,L1,1,202,PASO ARENA - PAJAS BLANCAS,1551,A
16009638,107,L1,1,202,PASO ARENA - PAJAS BLANCAS,1554,B
16009643,110,L2,1,205,C.CORRALES - C.MALDONADO KM 16,1561,B
16009644,110,L2,1,205,C.CORRALES - C.MALDONADO KM 16,1563,A
16009645,111,L20,1,206,T.PORTONES - T.PORTONES,1565,A
16009646,112,L21,1,207,T.PORTONES - T.PORTONES,1566,A
16009647,113,L22,1,211,GR.LOURDES-CNO.MALDONADO KM16,1567,B
16009648,113,L22,1,211,GR.LOURDES-CNO.MALDONADO KM16,1569,A
16009651,115,L35,1,213,PASO DE LA ARENA - PTA.ESPINILLO,1575,A
16009652,115,L35,1,213,PASO DE LA ARENA - PTA.ESPINILLO,1577,B
16009653,116,L4,1,214,TERMINAL CERRO - LA BOYADA,1579,B
16009654,116,L4,1,214,TERMINAL CERRO - LA BOYADA,1580,A
16009655,117,L5,1,215,P DE LA ARENA - L.B. BERRES Y GORI,1581,B
16009656,117,L5,1,215,P DE LA ARENA - L.B. BERRES Y GORI,1582,A
16009657,118,L6,1,216,TERMINAL CERRO - PASO DE LA ARENA,1583,B
16009658,118,L6,1,216,TERMINAL CERRO - PASO DE LA ARENA,1584,A
16009679,128,300,1,230,INSTRUCCIONES - CEMENTERIO CENTRAL,1659,B
16009680,128,300,1,230,INSTRUCCIONES - CEMENTERIO CENTRAL,1667,A
16009681,131,328,1,236,MENDOZA - PUNTA CARRETAS,1707,B
16009682,131,328,1,236,MENDOZA - PUNTA CARRETAS,1711,A
16009687,133,330,1,240,INSTRUCCIONES - CIUDADELA,1730,B
16009688,133,330,1,240,INSTRUCCIONES - CIUDADELA,1736,A
16009689,134,370,1,241,PORTONES - DIQUE NACIONAL,1737,A
16009690,134,370,1,241,PORTONES - DIQUE NACIONAL,1744,B
16009691,136,D2,1,243,CIUDAD VIEJA / TMNAL. CERRO,1756,B
16009692,136,D2,1,243,CIUDAD VIEJA / TMNAL. CERRO,1757,A
16009693,137,L13,1,244,MENDOZA E INSTRUCC -TOLEDO,1758,B
16009694,137,L13,1,244,MENDOZA E INSTRUCC -TOLEDO,1759,A
16009695,129,306,2,233,PQUE ROOSEVELT - CASABO,1760,A
16009696,129,306,2,233,PQUE ROOSEVELT - CASABO,1761,B
16009697,130,316,2,235,C.MALD. KM. 16 - POCITOS,1762,B
16009698,130,316,2,235,C.MALD. KM. 16 - POCITOS,1763,A
16009699,84,180,1,163,CIUDAD VIEJA - HIPODROMO,1765,A
16009701,84,180,2,164,CIUDAD VIEJA - J.R.Y.PONS,1767,A
16009702,138,L41,1,247,8 DE OCTUBRE - VISTA LINDA,1768,B
16009703,138,L41,1,247,8 DE OCTUBRE - VISTA LINDA,1769,A
16009704,56,140,1,109,PLAZA INDEPENDENCIA - PORTONES,1780,B
16009705,100,64,1,189,PLAZA INDEPENDENCIA - PORTONES,1787,B
16009710,67,149,2,266,POCITOS - GRUTA DE LOURDES,1959,A
16009711,95,199,2,269,PTA.CARRETAS - CRIO.DEL NORTE (MARO├æAS),1992,B
16009712,95,199,2,269,PTA.CARRETAS - CRIO.DEL NORTE (MARO├æAS),1995,A
16009713,135,396,1,242,INSTRUCCIONES - CIUDAD VIEJA,2025,B
16009714,135,396,1,242,INSTRUCCIONES - CIUDAD VIEJA,2026,A
16009715,15,505,3,270,CIUDADELA - ANDALUZ,2048,B
16009716,15,505,3,270,CIUDADELA - ANDALUZ,2050,A
16009717,128,300,3,276,INSTRUC. - CTRIO. CENTRAL (POR MARO├æAS),2065,B
16009718,128,300,3,276,INSTRUC. - CTRIO. CENTRAL (POR MARO├æAS),2066,A
16009719,158,L16,1,278,PASO DE LA ARENA - PAJAS BLANCAS,2069,A
16009720,158,L16,1,278,PASO DE LA ARENA - PAJAS BLANCAS,2070,B
16009721,159,L9,1,279,TERMINAL DEL CERRO - CASABO,2071,B
16009722,159,L9,1,279,TERMINAL DEL CERRO - CASABO,2072,A
16009723,160,L15,1,280,TERMINAL DEL CERRO - PAJAS BLANCAS,2073,B
16009724,160,L15,1,280,TERMINAL DEL CERRO - PAJAS BLANCAS,2074,A
16009725,161,L17,1,281,TERMINAL DEL CERRO - DIQUE,2075,A
16009726,161,L17,1,281,TERMINAL DEL CERRO - DIQUE,2076,B
16009727,162,L18,1,282,TERMINAL DEL CERRO - PLAYA CERRO,2077,A
16009728,162,L18,1,282,TERMINAL DEL CERRO - PLAYA CERRO,2078,B
16009729,163,L19,1,283,LOS CILINDROS - PASO DE LA ARENA,2079,A
16009730,163,L19,1,283,LOS CILINDROS - PASO DE LA ARENA,2080,B
16009731,164,L23,1,284,TERMINAL DEL CERRO - SANTA CATALINA,2081,A
16009732,164,L23,1,284,TERMINAL DEL CERRO - SANTA CATALINA,2082,B
16009733,165,L26,1,285,TERMINAL DEL CERRO - CASABO,2083,A
16009734,165,L26,1,285,TERMINAL DEL CERRO - CASABO,2084,B
16009735,31,109,4,286,PLAZA ESPA├æA- PARQUE ROOSEVELT (NOC_2),2086,B
16009736,8,456,2,288,CIUDADELA - INSTRUCCIONES,2088,B
16009737,8,456,2,288,CIUDADELA - INSTRUCCIONES,2089,A
16009738,19,538,2,289,CIUDADELA - BUCEO,2090,B
16009739,19,538,2,289,CIUDADELA - BUCEO,2091,A
16009740,44,126,3,290,CIUDAD VIEJA - CASABO (4:30-9:00),2092,B
16009741,44,126,3,290,CIUDAD VIEJA - CASABO (4:30-9:00),2093,A
16009742,50,133,7,291,CIUDAD VIEJA - PAJAS BLANCAS (4:30-9:00),2095,A
16009743,17,524,2,296,CIUDADELA - TRES OMBUES,2101,B
16009744,17,524,2,296,CIUDADELA - TRES OMBUES,2102,A
16009745,100,64,7,303,ADUANA - PORTONES  (NOC.),2162,B
16009746,100,64,7,303,ADUANA - PORTONES  (NOC.),2163,A
16009747,100,64,8,304,ADUANA - PUENTE CARRASCO (NOC.),2164,B
16009748,100,64,8,304,ADUANA - PUENTE CARRASCO (NOC.),2165,A
16009749,56,140,4,305,CIUDAD VIEJA - PORTONES,2178,B
16009750,56,140,4,305,CIUDAD VIEJA - PORTONES,2180,A
16009751,99,62,4,307,PLAZA ESPA├æA - POCITOS,2208,A
16009752,99,62,4,307,PLAZA ESPA├æA - POCITOS,2209,B
16009753,31,109,4,286,PLAZA ESPA├æA- PARQUE ROOSEVELT (NOC_2),2214,A
16009754,38,116,3,313,PLAZA ESPA├æA - POCITOS,2311,A
16009755,38,116,3,313,PLAZA ESPA├æA - POCITOS,2312,B
16009756,40,121,4,314,PLAZA ESPA├æA - POCITOS / PTA. CARRETAS,2313,A
16009757,73,158,5,315,CIUDADELA - GRUTA DE LOURDES_1,2317,B
16009758,73,158,5,315,CIUDADELA - GRUTA DE LOURDES_1,2318,A
16009759,107,L1,2,319,PASO ARENA - PAJAS BLANCAS (ESPECIAL),2352,A
16009761,13,L7,2,323,TERMINAL CERRO - SAINT BOIS,2356,B
16009762,13,L7,2,323,TERMINAL CERRO - SAINT BOIS,2357,A
16009765,107,L1,2,319,PASO ARENA - PAJAS BLANCAS (ESPECIAL),2379,B
16009767,216,L37,1,327,PASO DE LA ARENA - TERMINAL CERO,2383,B
16009768,216,L37,1,327,PASO DE LA ARENA - TERMINAL CERO,2384,A
16009770,217,L63,1,328,PASO DE LA ARENA - TERMINAL CERRO,2386,A
16009771,133,330,2,329,INSTRCCIONES - PZA.INDEPENDENCIA,2388,B
16009772,27,103,9,330,CIUDAD VIEJA - CMNO. MALDONADO KM 16,2390,B
16009773,27,103,9,330,CIUDAD VIEJA - CMNO. MALDONADO KM 16,2391,A
16009774,98,60,4,331,CIUDAD VIEJA - PORTONES,2392,B
16009775,98,60,4,331,CIUDAD VIEJA - PORTONES,2393,A
16009778,90,187,4,333,PZA INDEPENDENCIA - PCIO DE LA LUZ,2396,B
16009779,90,187,4,333,PZA INDEPENDENCIA - PCIO DE LA LUZ,2397,A
16009780,40,121,5,334,PZA INDEPENDENCIA - POCITOS PTA CARRETAS,2398,A
16009781,40,121,5,334,PZA INDEPENDENCIA - POCITOS PTA CARRETAS,2399,B
16009782,78,169,3,335,CIUDAD VIEJA - TOLEDO CHICO,2400,B
16009783,78,169,3,335,CIUDAD VIEJA - TOLEDO CHICO,2401,A
16009786,27,103,10,339,ADUANA - LOS AROMOS (NOC),2460,B
16009787,27,103,10,339,ADUANA - LOS AROMOS (NOC),2461,A
16009793,160,L15,2,343,TERMINAL CERRO - PAJAS BLANCAS(ESPECIAL),2612,A
16009796,403,L28,1,700,MENDOZA - ESTADIO,2637,B
16009797,403,L28,1,700,MENDOZA - ESTADIO,2638,A
16009799,41,124,5,702,CIUDAD VIEJA - STA. CATALINA-NOCT,2640,B
16009800,102,D1,3,703,PZA. INDEPENDENCIA - CARRASCO,2642,A
16009801,106,D8,3,704,PLAZA INDEPENDENCIA - CAMINO MALDONADO,2643,A
16009808,406,L27,2,709,PASO DE LA ARENA - RUTA 1 KM 26,2656,B
16009809,406,L27,2,709,PASO DE LA ARENA - RUTA 1 KM 26,2657,A
16009810,407,L94,2,711,PASO DE LA ARENA- RUTA 1 KM 26,2660,B
16009811,407,L94,2,711,PASO DE LA ARENA- RUTA 1 KM 26,2661,A
16009812,45,127,5,712,ADUANA - RUTA 1 KM 26,2667,B
16009813,45,127,5,712,ADUANA - RUTA 1 KM 26,2668,A
16009814,45,127,6,713,CIUDADELA -  RUTA 1 KM 26,2670,B
16009815,45,127,6,713,CIUDADELA -  RUTA 1 KM 26,2671,A
16009816,45,127,7,714,ADUANA - RUTA 1 KM 26 (POR PENAL),2672,B
16009817,45,127,7,714,ADUANA - RUTA 1 KM 26 (POR PENAL),2673,A
16009818,45,127,8,715,CIUDADELA - RUTA 1 KM 26 (POR PENAL),2674,B
16009819,45,127,8,715,CIUDADELA - RUTA 1 KM 26 (POR PENAL),2675,A
16009820,39,117,4,719,CIUDAD VIEJA - PUNTA CARRETAS,2778,A
16009821,39,117,4,719,CIUDAD VIEJA - PUNTA CARRETAS,2779,B
16009824,99,62,7,721,CIUDAD VIEJA - POCITOS,2791,A
16009825,99,62,7,721,CIUDAD VIEJA - POCITOS,2792,B
16009826,73,158,6,722,ADUANA - GRUTA DE LOURDES,2814,B
16009827,73,158,6,722,ADUANA - GRUTA DE LOURDES,2815,A
16009828,73,158,7,723,ADUANA - MENDOZA,2816,B
16009829,73,158,7,723,ADUANA - MENDOZA,2817,A
16009830,2,404,2,724,PCIO. DE LA LUZ - CJO.J. DE AMER.(ANTEL),2822,B
16009831,2,404,2,724,PCIO. DE LA LUZ - CJO.J. DE AMER.(ANTEL),2823,A
16009834,78,169,4,726,ADUANA - TOLEDO CHICO,2845,B
16009835,78,169,4,726,ADUANA - TOLEDO CHICO,2846,A
16009842,27,103,11,732,CIUDAD VIEJA - CMNO MALDONADO KM21,2921,B
16009843,27,103,11,732,CIUDAD VIEJA - CMNO MALDONADO KM21,2922,A
16009844,163,L19,3,733,PAJAS BLANCAS - PSO DE LA ARENA,2941,A
16009845,163,L19,3,733,PAJAS BLANCAS - PSO DE LA ARENA,2942,B
16009846,96,4,6,734,PLAZA ESPA├æA- ESCUELA DE ARMAS Y SERV.,2955,B
16009848,27,103,12,736,ADUANA - CARLOMAGNO,2963,B
16009849,27,103,12,736,ADUANA - CARLOMAGNO,2964,A
16009858,55,137,3,741,ADUANA - PASO DE LA ARENA(NOC- CERRO),2973,B
16009859,55,137,4,742,PLAZA ESPA├æA - PASO ARENA (NOC. T.CERRO),2981,B
16009860,50,133,9,743,ADUANA - PAJAS BLANCAS,2983,B
16009861,50,133,9,743,ADUANA - PAJAS BLANCAS,2984,A
16009862,50,133,10,744,ADUANA - SANGUINETTI,2985,B
16009863,50,133,10,744,ADUANA - SANGUINETTI,2986,A
16009864,50,133,11,745,ADUANA - PAJAS BLANCAS (ESPECIAL),2992,B
16009866,84,180,4,746,PLAZA ESPA├æA - J. ROLDOS Y PONS,2994,A
16009867,8,456,3,747,ADUANA - INSTRUCC. (CIRCUITO),2996,B
16009868,8,456,3,747,ADUANA - INSTRUCC. (CIRCUITO),2997,A
16009869,94,195,6,748,T. CERRO - CRIO. BUCEO (2-11),2998,B
16009870,94,195,6,748,T. CERRO - CRIO. BUCEO (2-11),2999,A
16009871,94,195,7,749,T.CERRO- CRIO BUCEO (2-11 POR HIPODROMO),3009,B
16009872,94,195,7,749,T.CERRO- CRIO BUCEO (2-11 POR HIPODROMO),3010,A
16009875,19,538,4,751,CIUDADELA - CRIO BUCEO,3015,B
16009876,19,538,4,751,CIUDADELA - CRIO BUCEO,3016,A
16009877,19,538,5,752,ADUANA - CRIO BUCEO,3019,B
16009878,19,538,5,752,ADUANA - CRIO BUCEO,3020,A
16009879,129,306,3,753,PQUE ROOSEVELT - CASABO (POR MARO├æAS),3021,A
16009880,129,306,3,753,PQUE ROOSEVELT - CASABO (POR MARO├æAS),3022,B
16009881,411,CA1,1,757,CIUDAD VIEJA - TRES CRUCES,3032,B
16009882,411,CA1,1,757,CIUDAD VIEJA - TRES CRUCES,3033,A
16009883,160,L15,3,758,TERMINAL DEL CERRO - LA COLORADA,3043,B
16009884,160,L15,3,758,TERMINAL DEL CERRO - LA COLORADA,3044,A
16009885,50,133,12,759,ADUANA - LA COLORADA (CIRCULAR),3045,B
16009886,50,133,12,759,ADUANA - LA COLORADA (CIRCULAR),3046,A
16009887,50,133,13,760,CIUDAD VIEJA - LA COLORADA,3048,B
16009888,50,133,13,760,CIUDAD VIEJA - LA COLORADA,3049,A
16009891,28,104,4,762,PZA. INDEPENDENCIA - RBLA COSTANERA,3060,B
16009892,28,104,4,762,PZA. INDEPENDENCIA - RBLA COSTANERA,3061,A
16009893,28,104,5,763,ADUANA  - RBLA COSTANERA (NOCT),3062,B
16009894,28,104,5,763,ADUANA  - RBLA COSTANERA (NOCT),3063,A
16009895,27,103,13,764,PQUE ROOSEVELT - LOS AROMOS,3071,B
16009896,27,103,13,764,PQUE ROOSEVELT - LOS AROMOS,3072,A
16009897,31,109,5,765,PZA ESPA├æA - CRIOLLA ROOSEVELT,3073,B
16009898,31,109,5,765,PZA ESPA├æA - CRIOLLA ROOSEVELT,3074,A
16009899,32,110,6,766,PQUE ROOSEVELT - MANGA,3075,B
16009900,32,110,6,766,PQUE ROOSEVELT - MANGA,3076,A
16009901,59,142,7,767,ADUANA - PQUE ROOSEVELT(CRIOLLA),3077,B
16009902,59,142,7,767,ADUANA - PQUE ROOSEVELT(CRIOLLA),3078,A
16009903,59,142,8,768,PZA ESPA├æA - PQUE ROOSEVELT (CRIOLLA),3079,B
16009904,59,142,8,768,PZA ESPA├æA - PQUE ROOSEVELT (CRIOLLA),3080,A
16009905,94,195,8,769,PLAYA CERRO - PQUE ROOSEVELT,3081,B
16009906,94,195,8,769,PLAYA CERRO - PQUE ROOSEVELT,3082,A
16009907,129,306,4,770,CASABO - PTE CARRASCO,3087,A
16009908,129,306,4,770,CASABO - PTE CARRASCO,3088,B
16009909,129,306,5,771,CASABO - CRIOLLA ROOSEVELT,3122,A
16009910,129,306,5,771,CASABO - CRIOLLA ROOSEVELT,3123,B
16009911,5,409,2,6,PLAZA ESPA├æA - SAINT BOIS,3124,B
16009915,425,PA,1,773,PTA DE LA CIUDADELA -PTA DE LA CIUDADELA,3147,B
16009916,426,PB,1,774,PTA DE LA CIUDADELA -PTA DE LA CIUDADELA,3148,B
16009921,57,141,3,778,PLAZA ESPA├æA - 8 DE OCTUBRE,3223,B
16009922,57,141,3,778,PLAZA ESPA├æA - 8 DE OCTUBRE,3224,A
16009923,62,144,2,780,PLAZA ESPA├æA - CRIO. DEL NORTE,3225,B
16009924,62,144,2,780,PLAZA ESPA├æA - CRIO. DEL NORTE,3226,A
16009925,85,181,2,782,POCITOS _ ESC. MARITIMA POR A├â┬æON,3237,B
16009926,86,182,3,783,P. RODO PASO MOLINO POR A├â┬æON,3238,A
16009927,427,L30,1,784,P. RIELES COMP. CARCELARIO P. RIELES,3258,A
16009928,427,L30,1,784,P. RIELES COMP. CARCELARIO P. RIELES,3259,B
16009929,70,155,2,785,CIUDADELA - P. RIELES (POR. AP. SARAVIA),3261,A
16009930,135,396,2,786,INSTRUCCIONES - CIUDADELA,3262,B
16009931,135,396,2,786,INSTRUCCIONES - CIUDADELA,3263,A
16009933,55,137,5,788,ADUANA - PASO DE LA ARENA POR (TC),3265,B
16009934,55,137,6,789,PLAZA ESPA├â┬æA - PASO DE LA ARENA POR (TC),3266,B
16009935,76,163,4,790,POCITOS - PASO DE LA ARENA POR (TC),3267,B
16009936,88,185,5,792,POCITOS - NVO CASABO POR (TC),3269,B
16009937,129,306,6,793,PQUE ROOSEVELT - CASABO POR (TC),3270,B
16009938,129,306,7,794,CASABO - PTE CARRASCO POR (TC),3271,B
16009939,129,306,8,795,PQUE ROOSEVELT - CASABO POR MARO├â┬æAS Y TC,3272,B
16009940,30,106,6,796,ADUANA - HIPODROMO,3296,B
16009941,30,106,6,796,ADUANA - HIPODROMO,3297,A
16009946,89,186,2,799,POCITOS SANTA CATALINA (06:00 A 20:00),3311,B
16009970,440,L24,1,813,BELVEDERE - SAYAGO NORTE,3351,B
16009971,440,L24,1,813,BELVEDERE - SAYAGO NORTE,3352,A
16009976,443,145,1,816,PZA ESPA├â┬æA - COMPLEJO AMERICA,3357,B
16009982,446,151,1,819,PORTONES - VERDISOL,3363,B
16009983,446,151,1,819,PORTONES - VERDISOL,3364,A
16009984,447,174,1,820,PUNTA CARRETAS - AVIACION,3365,B
16009985,447,174,1,820,PUNTA CARRETAS - AVIACION,3366,A
16009986,448,329,1,821,PUNTA CARRETAS - MELILLA,3367,B
16009987,448,329,1,821,PUNTA CARRETAS - MELILLA,3368,A
16009988,449,526,1,822,MALVIN - COLON,3369,B
16009990,450,D5,1,823,CIUDAD VIEJA - LA PAZ,3371,B
16009991,450,D5,1,823,CIUDAD VIEJA - LA PAZ,3372,A
16010004,447,174,2,830,PUNTA CARRETAS - AVIACION (S BOIS),3391,B
16010005,447,174,2,830,PUNTA CARRETAS - AVIACION (S BOIS),3392,A
16010006,447,174,3,831,PUNTA CARRETAS - COMPLEJO AMERICA,3393,B
16010007,447,174,3,831,PUNTA CARRETAS - COMPLEJO AMERICA,3394,A
16010010,448,329,3,834,PUNTA CARRETAS - SAINT BOIS,3399,B
16010011,448,329,3,834,PUNTA CARRETAS - SAINT BOIS,3400,A
16010014,445,148,2,836,ADUANA - AVIACION,3405,B
16010016,445,148,3,837,CIUDADELA - AVIACION,3407,B
16010018,445,148,4,838,ADUANA - FAUQUET /MELILLA,3409,B
16835682,160,L15,2,343,TERMINAL CERRO - PAJAS BLANCAS(ESPECIAL),2611,B
16911801,444,147,1,817,ADUANA _ COMPLEJO AMERICA,3359,B
16911808,444,147,2,829,CIUDADELA -  COMPLEJO AMERICA,3389,B
16989343,432,G6,1,805,TERMINAL COLON - SAINT BOIS (POR COLMAN),3336,A
16989348,432,G6,1,805,TERMINAL COLON - SAINT BOIS (POR COLMAN),3335,B
16989349,437,G8,1,810,TERMINAL COLON - HIP. LAS PIEDRAS,3346,A
16989356,437,G8,1,810,TERMINAL COLON - HIP. LAS PIEDRAS,3345,B
16989358,437,G8,2,825,TERMINAL COLON HIP LAS PIEDRAS (POR ESC),3375,B
16989371,436,G3,1,809,PE├â┬æAROL -TERMINAL COLON,3344,A
16990471,439,G11,1,812,TERMINAL COLON - MELILLA,3349,B
17065588,436,G3,1,809,PE├â┬æAROL -TERMINAL COLON,3343,B
17065599,439,G11,2,828,TERMINAL COLON - MELILLA (CIRCULAR),3387,B
17065633,438,G10,2,827,TERMINAL COLON - MELILLA_(CIR),3386,A
17065641,438,G10,3,841,TERMINAL COLON - MELILLA (AZAROLA Y RED),3623,A
17065650,439,G11,1,812,TERMINAL COLON - MELILLA,3350,A
17222421,438,G10,1,811,TERMINAL COLON - MELILLA,3347,B
17429377,444,147,1,817,ADUANA _ COMPLEJO AMERICA,3360,A
17429379,437,G8,2,825,TERMINAL COLON HIP LAS PIEDRAS (POR ESC),3376,A
17429380,444,147,2,829,CIUDADELA -  COMPLEJO AMERICA,3390,A
17761058,445,148,6,847,ADUANA - TERMINAL COLON,3632,B
17761069,445,148,7,848,CIUDADELA - TERMINAL COLON,3633,B
17761121,430,G4,2,808,TERMINAL COLON - AVIACION,3341,B
17761156,449,526,2,851,MALVIN - TERMINAL COL├â┬ôN,3636,B
17977122,430,G4,1,803,TERMINAL COLON - FAUQUET,3331,B
17977129,430,G4,2,808,TERMINAL COLON - AVIACION,3342,A
17977132,430,G4,1,803,TERMINAL COLON - FAUQUET,3332,A
18055804,443,145,1,816,PZA ESPA├â┬æA - COMPLEJO AMERICA,3358,A
18055806,449,526,1,822,MALVIN - COLON,3370,A
18055808,445,148,2,836,ADUANA - AVIACION,3406,A
18055809,445,148,3,837,CIUDADELA - AVIACION,3408,A
18055810,445,148,4,838,ADUANA - FAUQUET /MELILLA,3410,A
18055811,445,148,5,839,FAUQUET - CIUDADELA,3412,A
18055812,443,145,2,850,PZA ESPA├â┬æA - COLON,3635,B
18454332,445,148,5,839,FAUQUET - CIUDADELA,3637,B
18454336,445,148,8,849,CIUDAD VIEJA - TERMINAL COLON,3634,B
18454392,445,148,9,852,CIUDAD VIEJA - FAUQUET,3640,B
18457356,434,G,1,806,CIUDAD VIEJA - LA PAZ,3337,B
18457369,434,G,2,835,PORTONES - LA PAZ,3402,A
18457380,434,G,2,835,PORTONES - LA PAZ,3401,B
18611188,434,G,1,806,CIUDAD VIEJA - LA PAZ,3338,A
18906979,432,G6,2,854,TERMINAL COLON - AVIACI├â┬ôN,3645,A
18906980,432,G6,2,854,TERMINAL COLON - AVIACI├â┬ôN,3646,B
18983048,434,G,3,856,CIUDADELA - LA PAZ,3650,B
18983057,452,L3,1,855,PASO MOLINO - TERMINAL COLON,3647,A
18983068,452,L3,1,855,PASO MOLINO - TERMINAL COLON,3648,B
18984765,434,G,3,856,CIUDADELA - LA PAZ,3649,A
18986485,445,148,1,818,CIUDAD VIEJA - AVIACION,3651,B
18986516,441,L29,1,814,PASO MOLINO - COMPLEJO AMERICA,3353,B
19060528,441,L29,1,814,PASO MOLINO - COMPLEJO AMERICA,3354,A
19060544,441,L29,2,853,PASO MOLINO - LA CARBONERA,3644,B
19061284,445,148,1,818,CIUDAD VIEJA - AVIACION,3653,B
19063169,441,L29,2,853,PASO MOLINO - LA CARBONERA,3643,A
19065980,445,148,1,818,CIUDAD VIEJA - AVIACION,3362,A
19067513,16,522,2,336,POCITOS - SAYAGO,2426,A
19142096,16,522,1,18,POCITOS - SAYAGO (PLANTA),183,B
19142097,16,522,2,336,POCITOS - SAYAGO,2425,B
19458627,96,4,6,734,PLAZA ESPA├æA- ESCUELA DE ARMAS Y SERV.,2956,A
19462120,1,402,1,1,CIUDAD VIEJA - MALVIN,1,B
19915595,13,L7,3,858,TERMINAL CERRO - SAINT BOIS(POR COTRAVI),3657,A
19990559,13,L7,3,858,TERMINAL CERRO - SAINT BOIS(POR COTRAVI),3658,B
22160721,10,494,1,11,BUCEO - DELTA DEL TIGRE,121,B
22161650,10,494,3,707,BUCEO - RUTA 1 K26,2652,B
22161672,46,128,2,93,POCITOS - C.M.RAMIREZ,725,B
22161678,46,128,3,94,POCITOS - NUEVO PARIS,728,B
22161686,46,128,1,92,POCITOS - P. DE LA ARENA,711,B
22161692,53,135,1,104,CIUDADELA - PTA.ESPINILLO,782,B
22161710,7,427,1,8,SHOP.PORTONES - LOS BULEVARES,83,B
22161716,7,427,2,324,PORTONES - LOS BULEVARES (FAC. _CIENC.),2358,B
22161728,10,494,1,11,BUCEO - DELTA DEL TIGRE,129,A
22161740,10,494,5,797,BUCEO - DELTA DEL TIGRE (POR COMCAR),3303,A
22161752,10,494,3,707,BUCEO - RUTA 1 K26,2653,A
22161764,10,494,6,798,BUCEO - RUTA 1 KM 26 (POR COMCAR),3305,A
22161776,11,495,1,12,BUCEO - PAJAS BLANCAS (4:30-9:00),141,A
22161788,46,128,2,93,POCITOS - C.M.RAMIREZ,726,A
22161800,46,128,3,94,POCITOS - NUEVO PARIS,733,A
22161812,46,128,1,92,POCITOS - P. DE LA ARENA,720,A
22161838,7,427,2,324,PORTONES - LOS BULEVARES (FAC. _CIENC.),2359,A
22161850,7,427,1,8,SHOP.PORTONES - LOS BULEVARES,86,A
22161857,5,409,1,5,PLAZA ESPA├æA - AVIACION CIVIL,58,A
22161864,5,409,2,6,PLAZA ESPA├æA - SAINT BOIS,3125,A
22161893,53,135,1,104,CIUDADELA - PTA.ESPINILLO,784,A
22237123,11,495,1,12,BUCEO - PAJAS BLANCAS (4:30-9:00),137,B
22237126,10,494,5,797,BUCEO - DELTA DEL TIGRE (POR COMCAR),3302,B
22237127,10,494,6,798,BUCEO - RUTA 1 KM 26 (POR COMCAR),3304,B
22841815,16,522,1,18,POCITOS - SAYAGO (PLANTA),184,A
22845638,449,526,3,876,MALVIN - COLON - (ESPECIAL),7329,B
22920975,441,L29,3,878,PASO MOLINO - COMPLEJO AMERICA_(FERIA),7330,A
22920976,441,L29,4,879,PASO MOLINO - LA CARBONERA_(FERIA),7332,A
22921945,441,L29,3,878,PASO MOLINO - COMPLEJO AMERICA_(FERIA),7331,B
22921952,441,L29,4,879,PASO MOLINO - LA CARBONERA_(FERIA),7333,B
22922893,84,180,1,163,CIUDAD VIEJA - HIPODROMO,1808,B
22922900,84,180,2,164,CIUDAD VIEJA - J.R.Y.PONS,1766,B
22922906,84,180,4,746,PLAZA ESPA├æA - J. ROLDOS Y PONS,2993,B
23641784,217,L63,1,328,PASO DE LA ARENA - TERMINAL CERRO,2385,B
25106252,94,195,9,881,BUCEO - PLAYA CERRO (DIQUE) POR MARO├æAS,7342,A
25106253,94,195,9,881,BUCEO - PLAYA CERRO (DIQUE) POR MARO├æAS,7343,B
26494353,429,G1,2,882,TERMINAL COL├ôN _ LA PAZ,7358,A
26494354,429,G1,2,882,TERMINAL COL├ôN _ LA PAZ,7359,B
27375419,432,G6,3,883,TERMINAL COL├ôN - BARRIO 25 DE AGOSTO,7365,A
27375420,432,G6,3,883,TERMINAL COL├ôN - BARRIO 25 DE AGOSTO,7366,B
27376450,448,329,4,884,PTA CARRETAS _ FAUQUET POR SAINT  BOIS,7367,A
27376451,448,329,4,884,PTA CARRETAS _ FAUQUET POR SAINT  BOIS,7368,B
29696182,453,M-A,1,886,INTENDENCIA - MUSEO DEL FUTBOL,7374,A
29696183,453,M-A,2,890,INTENDENCIA - MUSEO NAVAL,7375,A
29696184,454,M-B,1,891,INTENDENCIA - MUSEO DE LA MEMORIA,7376,A
31262104,15,505,6,892,JOSE B. ORDO├æEZ - ANDALUZ,7430,B
33037055,160,L15,4,893,T. DEL CERRO - LA COLORADA (CIRCULAR),7448,A
33037056,160,L15,4,893,T. DEL CERRO - LA COLORADA (CIRCULAR),7449,B
33037057,50,133,14,894,CIUDAD VIEJA - LA COLORADA (CIRCULAR),7450,A
33037058,50,133,14,894,CIUDAD VIEJA - LA COLORADA (CIRCULAR),7451,B
33037059,50,133,15,895,ADUANA - LA COLORADA,7452,A
33037060,50,133,15,895,ADUANA - LA COLORADA,7453,B
36514043,475,L50,1,896,PZA COLON - SAINT BOIS,7469,B
36669555,476,14,1,897,CIUDAD VIEJA - POCITOS,7470,A
36669556,476,14,1,897,CIUDAD VIEJA - POCITOS,7471,B
36669557,477,17,1,898,PUNTA CARRETAS - CASABO,7476,B
36669558,477,17,1,898,PUNTA CARRETAS - CASABO,7478,A
36669559,477,17,2,899,PUNTA CARRETAS - CASABO POR (TC),7487,B
36669560,478,21,1,900,PLAZA INDEPENDENCIA - PORTONES,7488,B
36669561,478,21,1,900,PLAZA INDEPENDENCIA - PORTONES,7489,A
36669562,478,21,2,901,PZA INDEPEN - P ROOSEVELT (RYN),7490,B
36669563,478,21,2,901,PZA INDEPEN - P ROOSEVELT (RYN),7491,A
36669564,478,21,3,902,CIUDAD VIEJA - PORTONES,7492,B
36669565,478,21,3,902,CIUDAD VIEJA - PORTONES,7494,A
36669566,478,21,4,903,CIUDAD VIEJA - PQUE. ROOSEVELT,7495,B
36669567,478,21,4,903,CIUDAD VIEJA - PQUE. ROOSEVELT,7496,A
36669568,478,21,5,904,PLAZA INDEPENDENCIA - PARQUE ROOSEVELT,7497,B
36669569,478,21,5,904,PLAZA INDEPENDENCIA - PARQUE ROOSEVELT,7498,A
36669570,479,71,1,905,MENDOZA - POCITOS,7501,B
36669571,479,71,1,905,MENDOZA - POCITOS,7503,A
36669572,480,76,1,906,PUNTA CARRETAS - PLAYA CERRO,7512,B
36669573,480,76,1,906,PUNTA CARRETAS - PLAYA CERRO,7513,A
36669574,481,77,1,907,PLAZA INDEPENDENCIA - PUNTA  GORDA,7526,B
36669575,481,77,1,907,PLAZA INDEPENDENCIA - PUNTA  GORDA,7529,A
36669576,481,77,2,908,ADUANA - PUNTA GORDA,7538,B
36669577,481,77,2,908,ADUANA - PUNTA GORDA,7539,A
36669578,482,79,1,909,CIUDAD VIEJA - VILLA ESPA├æOLA,7546,B
36669579,482,79,1,909,CIUDAD VIEJA - VILLA ESPA├æOLA,7547,A
36669580,482,79,2,910,CIUDADELA - VILLA ESPA├æOLA,7553,B
36669581,482,79,2,910,CIUDADELA - VILLA ESPA├æOLA,7554,A
36669582,483,D10,1,911,CIUDAD VIEJA - PARQUE ROOSEVELT,7557,B
36669583,483,D10,1,911,CIUDAD VIEJA - PARQUE ROOSEVELT,7558,A
36669584,484,L12,1,912,PUNTAS DE SAYAGO - DIQUE NACIONAL,7559,B
36669585,484,L12,2,913,DIQUE NACIONAL - PUNTAS DE SAYAGO,7561,A
36669586,484,L12,2,913,DIQUE NACIONAL - PUNTAS DE SAYAGO,7562,B
36669587,485,2,1,914,PORTONES - MELILLA,7565,B
36669588,485,2,1,914,PORTONES - MELILLA,7566,A
36669589,485,2,2,915,PORTONES - SAINT BOIS,7589,B
36669590,485,2,2,915,PORTONES - SAINT BOIS,7590,A
36669591,485,2,3,916,PORTONES - TERMINAL COLON,7591,B
36669592,485,2,4,917,PORTONES _ FAUQUET POR SAINT  BOIS,7592,A
36669593,485,2,4,917,PORTONES _ FAUQUET POR SAINT  BOIS,7593,B
37600852,85,181,3,918,POCITOS - PASO MOLINO,7602,A
37600853,85,181,3,918,POCITOS - PASO MOLINO,7603,B
37601811,87,183,2,919,POCITOS - PASO MOLINO,7606,A
37601812,87,183,2,919,POCITOS - PASO MOLINO,7607,B
38419855,37,115,1,66,ADUANA - VISTA LINDA (NOC.),620,A
38420534,37,115,3,245,CIUDADELA - VISTA LINDA,621,A
40429721,481,77,3,920,PTA. GORDA - PZA. ESPA├æA,7626,B